arm	tag	start_utc	secs	last_step	xid_before	xid_after
base	mlm_L24_rerun1	05:21	~690	291	0,0,0,3	0,0,3,3
base	mlm_long_L24	04:52	~240	72	0,0,0,0	0,0,0,3
pr5	ab_pr5_0536	05:36	~2700	1408	0,0,3,3	0,0,3,3
probe	ab_probe_0622	06:22	527	193	0,0,3,3	0,0,3,3
base	ab_base_0632	06:32	~400	137	0,0,3,3	0,3,3,3
min	ab_min_0641	06:42	2700	1403	0,3,3,3	0,3,3,3
base	ab_base_0741	07:41	636	116	0,3,3,3	0,6,3,3
min	ab_min_0752	07:53	2862	1325	0,6,3,3	0,6,3,3
base	ab_base_0841	08:41	659	128	0,6,3,3	0,9,3,3
min	ab_min_0853	08:53	1716	673	0,9,3,3	0,9,3,3
base	ab_base_0922	09:23	862	258	0,9,3,3	0,12,6,6
min	ab_min_0938	09:38	2700	1417	0,12,6,6	0,12,6,6
